Type,Local Number,Message,Field 1,Value 1,Units 1,Field 2,Value 2,Units 2,Field 3,Value 3,Units 3,Field 4,Value 4,Units 4,Field 5,Value 5,Units 5,Field 6,Value 6,Units 6,Field 7,Value 7,Units 7,Field 8,Value 8,Units 8,Field 9,Value 9,Units 9,Field 10,Value 10,Units 10,Field 11,Value 11,Units 11,Field 12,Value 12,Units 12,Field 13,Value 13,Units 13,Field 14,Value 14,Units 14,Field 15,Value 15,Units 15,Field 16,Value 16,Units 16,Field 17,Value 17,Units 17,Field 18,Value 18,Units 18,Field 19,Value 19,Units 19,Field 20,Value 20,Units 20,Field 21,Value 21,Units 21,Field 22,Value 22,Units 22,Field 23,Value 23,Units 23,Field 24,Value 24,Units 24,
Definition,0,file_id,type,1,,manufacturer,1,,product,1,,serial_number,1,,time_created,1,,number,1,,
Data,0,file_id,type,"4",,manufacturer,"40",,product,"0",,time_created,"988241855",,number,"0",,,,,
Definition,1,device_info,timestamp,1,,device_index,1,,device_type,1,,manufacturer,1,,serial_number,1,,product,1,,software_version,1,,hardware_version,1,,cum_operating_time,1,,battery_voltage,1,,battery_status,1,,
Data,1,device_info,timestamp,"0",s,device_index,"0",,device_type,"0",,manufacturer,"40",,product,"0",,software_version,"1.0",,hardware_version,"0",,cum_operating_time,"0",s,battery_voltage,"0.0",V,battery_status,"0",,,,,
Definition,2,activity,timestamp,1,,total_timer_time,1,,num_sessions,1,,type,1,,event,1,,,,,,,,,,,,,,,,,,,,
Data,2,activity,timestamp,"988241855",,total_timer_time,"0.001",s,num_sessions,"0",,type,"3",,event,"1",,,,,,,,,,,,,,,,,,,,
Definition,3,session,timestamp,1,,event,1,,event_type,1,,start_time,1,,sport,1,,sub_sport,1,,total_elapsed_time,1,,total_timer_time,1,,total_distance,1,,total_cycles,1,,total_calories,1,,avg_speed,1,,max_speed,1,,avg_heart_rate,1,,max_heart_rate,1,,avg_cadence,1,,max_cadence,1,,avg_power,1,,max_power,1,,first_lap_index,1,,num_laps,1,,message_index,1,,
Data,3,session,timestamp,"988241855",s,event,"0",,event_type,"0",,start_time,"988241855",,sport,"4",,sub_sport,"14",,total_elapsed_time,"264.1",s,total_timer_time,"264.1",s,total_distance,"1147.99",m,total_cycles,"130",cycles,total_calories,"80",kcal,avg_speed,"4.346",m/s,max_speed,"4.587",m/s,avg_heart_rate,"121",bpm,max_heart_rate,"151",bpm,avg_cadence,"27",rpm,max_cadence,"92",rpm,avg_power,"230",watts,max_power,"270",watts,first_lap_index,"0",,num_laps,"3",,message_index,"0",,
Definition,4,event,timestamp,1,,event,1,,event_type,1,,data,1,,event_group,1,,,,,,,,,,,,,,,,,,,,,,,,,,,,,,,,,,,,,,,,,,,,,,,,,,,,,
Data,4,event,timestamp,"988241855",s,event,"0",,event_type,"0",,timer_trigger,"0",,event_group,"0",,,,,,,,,,,,,,,,,,,,,,,,,,,,,,,,,,,,,,,,,,,,,,,,,,,,,
Definition,5,lap,timestamp,1,,start_time,1,,total_elapsed_time,1,,total_timer_time,1,,total_distance,1,,total_cycles,1,,message_index,1,,total_calories,1,,total_fat_calories,1,,avg_speed,1,,max_speed,1,,avg_power,1,,max_power,1,,total_ascent,1,,total_descent,1,,event,1,,event_type,1,,avg_heart_rate,1,,max_heart_rate,1,,avg_cadence,1,,max_cadence,1,,intensity,1,,lap_trigger,1,,sport,1,,
Data,5,lap,timestamp,"988242005",s,start_time,"988241855",,total_elapsed_time,"149.4",s,total_timer_time,"149.4",s,total_distance,"499.99",m,total_cycles,"0",cycles,message_index,"0",,total_calories,"0",kcal,total_fat_calories,"0",kcal,avg_speed,"3.346",m/s,max_speed,"0.0",m/s,avg_power,"105",watts,max_power,"0",watts,total_ascent,"0",m,total_descent,"0",m,event,"0",,event_type,"0",,avg_heart_rate,"0",bpm,max_heart_rate,"0",bpm,avg_cadence,"22",rpm,max_cadence,"0",rpm,intensity,"0",,lap_trigger,"0",,sport,"0",,
Definition,6,record,timestamp,1,,heart_rate,1,,cadence,1,,distance,1,,speed,1,,power,1,,,,,,,,,,,,,,,,,,,,,,,,,,,,,,,,,,,,,,,,,,,,,,,,,,,,,,,,
Data,6,record,timestamp,"988241857",s,heart_rate,"87",bpm,cadence,"0",rpm,distance,"4.0",m,speed,"2.016",m/s,power,"23",watts,,,,,,,,,,,,,,,,,,,,,,,,,,,,,,,,,,,,,,,,,,,,,,,,,,,,,,,
Data,6,record,timestamp,"988241858",s,heart_rate,"88",bpm,cadence,"0",rpm,distance,"7.0",m,speed,"2.016",m/s,power,"23",watts,,,,,,,,,,,,,,,,,,,,,,,,,,,,,,,,,,,,,,,,,,,,,,,,,,,,,,,
Data,6,record,timestamp,"988241859",s,heart_rate,"89",bpm,cadence,"54",rpm,distance,"10.99",m,speed,"2.923",m/s,power,"70",watts,,,,,,,,,,,,,,,,,,,,,,,,,,,,,,,,,,,,,,,,,,,,,,,,,,,,,,,
Data,6,record,timestamp,"988241861",s,heart_rate,"90",bpm,cadence,"23",rpm,distance,"17.0",m,speed,"2.923",m/s,power,"70",watts,,,,,,,,,,,,,,,,,,,,,,,,,,,,,,,,,,,,,,,,,,,,,,,,,,,,,,,
Data,6,record,timestamp,"988241864",s,heart_rate,"91",bpm,cadence,"23",rpm,distance,"25.0",m,speed,"2.793",m/s,power,"61",watts,,,,,,,,,,,,,,,,,,,,,,,,,,,,,,,,,,,,,,,,,,,,,,,,,,,,,,,
Data,6,record,timestamp,"988241868",s,heart_rate,"92",bpm,cadence,"21",rpm,distance,"35.0",m,speed,"3.225",m/s,power,"94",watts,,,,,,,,,,,,,,,,,,,,,,,,,,,,,,,,,,,,,,,,,,,,,,,,,,,,,,,
Data,6,record,timestamp,"988241869",s,heart_rate,"93",bpm,cadence,"23",rpm,distance,"42.99",m,speed,"3.225",m/s,power,"94",watts,,,,,,,,,,,,,,,,,,,,,,,,,,,,,,,,,,,,,,,,,,,,,,,,,,,,,,,
Data,6,record,timestamp,"988241872",s,heart_rate,"95",bpm,cadence,"24",rpm,distance,"51.99",m,speed,"3.311",m/s,power,"102",watts,,,,,,,,,,,,,,,,,,,,,,,,,,,,,,,,,,,,,,,,,,,,,,,,,,,,,,,
Data,6,record,timestamp,"988241874",s,heart_rate,"96",bpm,cadence,"24",rpm,distance,"61.99",m,speed,"3.378",m/s,power,"108",watts,,,,,,,,,,,,,,,,,,,,,,,,,,,,,,,,,,,,,,,,,,,,,,,,,,,,,,,
Data,6,record,timestamp,"988241877",s,heart_rate,"98",bpm,cadence,"24",rpm,distance,"70.99",m,speed,"3.424",m/s,power,"112",watts,,,,,,,,,,,,,,,,,,,,,,,,,,,,,,,,,,,,,,,,,,,,,,,,,,,,,,,
Data,6,record,timestamp,"988241879",s,heart_rate,"99",bpm,cadence,"24",rpm,distance,"74.99",m,speed,"3.472",m/s,power,"117",watts,,,,,,,,,,,,,,,,,,,,,,,,,,,,,,,,,,,,,,,,,,,,,,,,,,,,,,,
Data,6,record,timestamp,"988241881",s,heart_rate,"99",bpm,cadence,"24",rpm,distance,"83.0",m,speed,"3.546",m/s,power,"125",watts,,,,,,,,,,,,,,,,,,,,,,,,,,,,,,,,,,,,,,,,,,,,,,,,,,,,,,,
Data,6,record,timestamp,"988241884",s,heart_rate,"101",bpm,cadence,"25",rpm,distance,"95.0",m,speed,"3.597",m/s,power,"130",watts,,,,,,,,,,,,,,,,,,,,,,,,,,,,,,,,,,,,,,,,,,,,,,,,,,,,,,,
Data,6,record,timestamp,"988241886",s,heart_rate,"101",bpm,cadence,"25",rpm,distance,"99.0",m,speed,"3.597",m/s,power,"130",watts,,,,,,,,,,,,,,,,,,,,,,,,,,,,,,,,,,,,,,,,,,,,,,,,,,,,,,,
Data,6,record,timestamp,"988241890",s,heart_rate,"103",bpm,cadence,"26",rpm,distance,"116.0",m,speed,"3.623",m/s,power,"133",watts,,,,,,,,,,,,,,,,,,,,,,,,,,,,,,,,,,,,,,,,,,,,,,,,,,,,,,,
Data,6,record,timestamp,"988241891",s,heart_rate,"104",bpm,cadence,"25",rpm,distance,"119.99",m,speed,"3.597",m/s,power,"130",watts,,,,,,,,,,,,,,,,,,,,,,,,,,,,,,,,,,,,,,,,,,,,,,,,,,,,,,,
Data,6,record,timestamp,"988241894",s,heart_rate,"105",bpm,cadence,"25",rpm,distance,"128.0",m,speed,"3.496",m/s,power,"120",watts,,,,,,,,,,,,,,,,,,,,,,,,,,,,,,,,,,,,,,,,,,,,,,,,,,,,,,,
Data,6,record,timestamp,"988241896",s,heart_rate,"105",bpm,cadence,"24",rpm,distance,"136.0",m,speed,"3.472",m/s,power,"117",watts,,,,,,,,,,,,,,,,,,,,,,,,,,,,,,,,,,,,,,,,,,,,,,,,,,,,,,,
Data,6,record,timestamp,"988241898",s,heart_rate,"106",bpm,cadence,"24",rpm,distance,"143.99",m,speed,"3.472",m/s,power,"117",watts,,,,,,,,,,,,,,,,,,,,,,,,,,,,,,,,,,,,,,,,,,,,,,,,,,,,,,,
Data,6,record,timestamp,"988241902",s,heart_rate,"107",bpm,cadence,"22",rpm,distance,"155.99",m,speed,"3.424",m/s,power,"112",watts,,,,,,,,,,,,,,,,,,,,,,,,,,,,,,,,,,,,,,,,,,,,,,,,,,,,,,,
Data,6,record,timestamp,"988241905",s,heart_rate,"107",bpm,cadence,"22",rpm,distance,"168.0",m,speed,"3.731",m/s,power,"145",watts,,,,,,,,,,,,,,,,,,,,,,,,,,,,,,,,,,,,,,,,,,,,,,,,,,,,,,,
Data,6,record,timestamp,"988241908",s,heart_rate,"107",bpm,cadence,"92",rpm,distance,"174.99",m,speed,"3.731",m/s,power,"145",watts,,,,,,,,,,,,,,,,,,,,,,,,,,,,,,,,,,,,,,,,,,,,,,,,,,,,,,,
Data,6,record,timestamp,"988241911",s,heart_rate,"108",bpm,cadence,"20",rpm,distance,"187.0",m,speed,"3.401",m/s,power,"110",watts,,,,,,,,,,,,,,,,,,,,,,,,,,,,,,,,,,,,,,,,,,,,,,,,,,,,,,,
Data,6,record,timestamp,"988241913",s,heart_rate,"108",bpm,cadence,"20",rpm,distance,"195.0",m,speed,"3.401",m/s,power,"110",watts,,,,,,,,,,,,,,,,,,,,,,,,,,,,,,,,,,,,,,,,,,,,,,,,,,,,,,,
Data,6,record,timestamp,"988241917",s,heart_rate,"109",bpm,cadence,"20",rpm,distance,"206.99",m,speed,"3.424",m/s,power,"112",watts,,,,,,,,,,,,,,,,,,,,,,,,,,,,,,,,,,,,,,,,,,,,,,,,,,,,,,,
Data,6,record,timestamp,"988241919",s,heart_rate,"110",bpm,cadence,"20",rpm,distance,"215.99",m,speed,"3.424",m/s,power,"112",watts,,,,,,,,,,,,,,,,,,,,,,,,,,,,,,,,,,,,,,,,,,,,,,,,,,,,,,,
Data,6,record,timestamp,"988241923",s,heart_rate,"111",bpm,cadence,"20",rpm,distance,"227.0",m,speed,"3.472",m/s,power,"117",watts,,,,,,,,,,,,,,,,,,,,,,,,,,,,,,,,,,,,,,,,,,,,,,,,,,,,,,,
Data,6,record,timestamp,"988241926",s,heart_rate,"111",bpm,cadence,"20",rpm,distance,"239.99",m,speed,"3.546",m/s,power,"125",watts,,,,,,,,,,,,,,,,,,,,,,,,,,,,,,,,,,,,,,,,,,,,,,,,,,,,,,,
Data,6,record,timestamp,"988241930",s,heart_rate,"111",bpm,cadence,"21",rpm,distance,"247.99",m,speed,"3.597",m/s,power,"130",watts,,,,,,,,,,,,,,,,,,,,,,,,,,,,,,,,,,,,,,,,,,,,,,,,,,,,,,,
Data,6,record,timestamp,"988241931",s,heart_rate,"112",bpm,cadence,"21",rpm,distance,"257.0",m,speed,"3.597",m/s,power,"130",watts,,,,,,,,,,,,,,,,,,,,,,,,,,,,,,,,,,,,,,,,,,,,,,,,,,,,,,,
Data,6,record,timestamp,"988241934",s,heart_rate,"112",bpm,cadence,"22",rpm,distance,"270.0",m,speed,"3.649",m/s,power,"136",watts,,,,,,,,,,,,,,,,,,,,,,,,,,,,,,,,,,,,,,,,,,,,,,,,,,,,,,,
Data,6,record,timestamp,"988241936",s,heart_rate,"113",bpm,cadence,"22",rpm,distance,"278.0",m,speed,"3.649",m/s,power,"136",watts,,,,,,,,,,,,,,,,,,,,,,,,,,,,,,,,,,,,,,,,,,,,,,,,,,,,,,,
Data,6,record,timestamp,"988241940",s,heart_rate,"113",bpm,cadence,"19",rpm,distance,"289.99",m,speed,"3.472",m/s,power,"117",watts,,,,,,,,,,,,,,,,,,,,,,,,,,,,,,,,,,,,,,,,,,,,,,,,,,,,,,,
Data,6,record,timestamp,"988241943",s,heart_rate,"114",bpm,cadence,"19",rpm,distance,"301.99",m,speed,"3.472",m/s,power,"117",watts,,,,,,,,,,,,,,,,,,,,,,,,,,,,,,,,,,,,,,,,,,,,,,,,,,,,,,,
Data,6,record,timestamp,"988241946",s,heart_rate,"114",bpm,cadence,"19",rpm,distance,"312.99",m,speed,"3.472",m/s,power,"117",watts,,,,,,,,,,,,,,,,,,,,,,,,,,,,,,,,,,,,,,,,,,,,,,,,,,,,,,,
Data,6,record,timestamp,"988241958",s,heart_rate,"113",bpm,cadence,"58",rpm,distance,"331.0",m,speed,"2.136",m/s,power,"27",watts,,,,,,,,,,,,,,,,,,,,,,,,,,,,,,,,,,,,,,,,,,,,,,,,,,,,,,,
Data,6,record,timestamp,"988241960",s,heart_rate,"112",bpm,cadence,"21",rpm,distance,"337.0",m,speed,"2.136",m/s,power,"27",watts,,,,,,,,,,,,,,,,,,,,,,,,,,,,,,,,,,,,,,,,,,,,,,,,,,,,,,,
Data,6,record,timestamp,"988241962",s,heart_rate,"112",bpm,cadence,"21",rpm,distance,"343.99",m,speed,"2.415",m/s,power,"39",watts,,,,,,,,,,,,,,,,,,,,,,,,,,,,,,,,,,,,,,,,,,,,,,,,,,,,,,,
Data,6,record,timestamp,"988241966",s,heart_rate,"111",bpm,cadence,"23",rpm,distance,"353.99",m,speed,"3.164",m/s,power,"89",watts,,,,,,,,,,,,,,,,,,,,,,,,,,,,,,,,,,,,,,,,,,,,,,,,,,,,,,,
Data,6,record,timestamp,"988241968",s,heart_rate,"110",bpm,cadence,"23",rpm,distance,"361.99",m,speed,"3.164",m/s,power,"89",watts,,,,,,,,,,,,,,,,,,,,,,,,,,,,,,,,,,,,,,,,,,,,,,,,,,,,,,,
Data,6,record,timestamp,"988241971",s,heart_rate,"110",bpm,cadence,"23",rpm,distance,"371.0",m,speed,"3.472",m/s,power,"117",watts,,,,,,,,,,,,,,,,,,,,,,,,,,,,,,,,,,,,,,,,,,,,,,,,,,,,,,,
Data,6,record,timestamp,"988241973",s,heart_rate,"110",bpm,cadence,"23",rpm,distance,"380.0",m,speed,"3.546",m/s,power,"125",watts,,,,,,,,,,,,,,,,,,,,,,,,,,,,,,,,,,,,,,,,,,,,,,,,,,,,,,,
Data,6,record,timestamp,"988241975",s,heart_rate,"110",bpm,cadence,"23",rpm,distance,"391.0",m,speed,"3.597",m/s,power,"130",watts,,,,,,,,,,,,,,,,,,,,,,,,,,,,,,,,,,,,,,,,,,,,,,,,,,,,,,,
Data,6,record,timestamp,"988241979",s,heart_rate,"111",bpm,cadence,"25",rpm,distance,"401.0",m,speed,"3.846",m/s,power,"159",watts,,,,,,,,,,,,,,,,,,,,,,,,,,,,,,,,,,,,,,,,,,,,,,,,,,,,,,,
Data,6,record,timestamp,"988241981",s,heart_rate,"112",bpm,cadence,"25",rpm,distance,"411.99",m,speed,"3.875",m/s,power,"163",watts,,,,,,,,,,,,,,,,,,,,,,,,,,,,,,,,,,,,,,,,,,,,,,,,,,,,,,,
Data,6,record,timestamp,"988241983",s,heart_rate,"113",bpm,cadence,"25",rpm,distance,"420.99",m,speed,"3.846",m/s,power,"159",watts,,,,,,,,,,,,,,,,,,,,,,,,,,,,,,,,,,,,,,,,,,,,,,,,,,,,,,,
Data,6,record,timestamp,"988241986",s,heart_rate,"114",bpm,cadence,"26",rpm,distance,"427.99",m,speed,"3.875",m/s,power,"163",watts,,,,,,,,,,,,,,,,,,,,,,,,,,,,,,,,,,,,,,,,,,,,,,,,,,,,,,,
Data,6,record,timestamp,"988241988",s,heart_rate,"115",bpm,cadence,"26",rpm,distance,"435.99",m,speed,"3.906",m/s,power,"167",watts,,,,,,,,,,,,,,,,,,,,,,,,,,,,,,,,,,,,,,,,,,,,,,,,,,,,,,,
Data,6,record,timestamp,"988241990",s,heart_rate,"115",bpm,cadence,"27",rpm,distance,"446.0",m,speed,"3.937",m/s,power,"171",watts,,,,,,,,,,,,,,,,,,,,,,,,,,,,,,,,,,,,,,,,,,,,,,,,,,,,,,,
Data,6,record,timestamp,"988241992",s,heart_rate,"116",bpm,cadence,"27",rpm,distance,"455.0",m,speed,"3.937",m/s,power,"171",watts,,,,,,,,,,,,,,,,,,,,,,,,,,,,,,,,,,,,,,,,,,,,,,,,,,,,,,,
Data,6,record,timestamp,"988241994",s,heart_rate,"116",bpm,cadence,"27",rpm,distance,"459.0",m,speed,"3.937",m/s,power,"171",watts,,,,,,,,,,,,,,,,,,,,,,,,,,,,,,,,,,,,,,,,,,,,,,,,,,,,,,,
Data,6,record,timestamp,"988241996",s,heart_rate,"117",bpm,cadence,"28",rpm,distance,"468.0",m,speed,"3.906",m/s,power,"167",watts,,,,,,,,,,,,,,,,,,,,,,,,,,,,,,,,,,,,,,,,,,,,,,,,,,,,,,,
Data,6,record,timestamp,"988241998",s,heart_rate,"118",bpm,cadence,"28",rpm,distance,"476.99",m,speed,"3.937",m/s,power,"171",watts,,,,,,,,,,,,,,,,,,,,,,,,,,,,,,,,,,,,,,,,,,,,,,,,,,,,,,,
Data,6,record,timestamp,"988242001",s,heart_rate,"119",bpm,cadence,"28",rpm,distance,"490.99",m,speed,"3.937",m/s,power,"171",watts,,,,,,,,,,,,,,,,,,,,,,,,,,,,,,,,,,,,,,,,,,,,,,,,,,,,,,,
Data,6,record,timestamp,"988242003",s,heart_rate,"119",bpm,cadence,"28",rpm,distance,"495.99",m,speed,"3.937",m/s,power,"171",watts,,,,,,,,,,,,,,,,,,,,,,,,,,,,,,,,,,,,,,,,,,,,,,,,,,,,,,,
Data,6,record,timestamp,"988242004",s,heart_rate,"120",bpm,cadence,"28",rpm,distance,"499.99",m,speed,"3.937",m/s,power,"171",watts,,,,,,,,,,,,,,,,,,,,,,,,,,,,,,,,,,,,,,,,,,,,,,,,,,,,,,,
Data,6,record,timestamp,"988242004",s,heart_rate,"118",bpm,cadence,"28",rpm,distance,"499.99",m,speed,"3.937",m/s,power,"171",watts,,,,,,,,,,,,,,,,,,,,,,,,,,,,,,,,,,,,,,,,,,,,,,,,,,,,,,,
Data,6,record,timestamp,"988242004",s,heart_rate,"117",bpm,cadence,"28",rpm,distance,"499.99",m,speed,"3.937",m/s,power,"171",watts,,,,,,,,,,,,,,,,,,,,,,,,,,,,,,,,,,,,,,,,,,,,,,,,,,,,,,,
Data,6,record,timestamp,"988242004",s,heart_rate,"116",bpm,cadence,"28",rpm,distance,"499.99",m,speed,"3.937",m/s,power,"171",watts,,,,,,,,,,,,,,,,,,,,,,,,,,,,,,,,,,,,,,,,,,,,,,,,,,,,,,,
Data,6,record,timestamp,"988242004",s,heart_rate,"113",bpm,cadence,"28",rpm,distance,"499.99",m,speed,"3.937",m/s,power,"171",watts,,,,,,,,,,,,,,,,,,,,,,,,,,,,,,,,,,,,,,,,,,,,,,,,,,,,,,,
Data,6,record,timestamp,"988242004",s,heart_rate,"112",bpm,cadence,"28",rpm,distance,"499.99",m,speed,"3.937",m/s,power,"171",watts,,,,,,,,,,,,,,,,,,,,,,,,,,,,,,,,,,,,,,,,,,,,,,,,,,,,,,,
Data,6,record,timestamp,"988242004",s,heart_rate,"111",bpm,cadence,"28",rpm,distance,"499.99",m,speed,"3.937",m/s,power,"171",watts,,,,,,,,,,,,,,,,,,,,,,,,,,,,,,,,,,,,,,,,,,,,,,,,,,,,,,,
Data,6,record,timestamp,"988242004",s,heart_rate,"109",bpm,cadence,"28",rpm,distance,"499.99",m,speed,"3.937",m/s,power,"171",watts,,,,,,,,,,,,,,,,,,,,,,,,,,,,,,,,,,,,,,,,,,,,,,,,,,,,,,,
Data,6,record,timestamp,"988242004",s,heart_rate,"109",bpm,cadence,"28",rpm,distance,"499.99",m,speed,"3.937",m/s,power,"171",watts,,,,,,,,,,,,,,,,,,,,,,,,,,,,,,,,,,,,,,,,,,,,,,,,,,,,,,,
Data,6,record,timestamp,"988242004",s,heart_rate,"108",bpm,cadence,"28",rpm,distance,"499.99",m,speed,"3.937",m/s,power,"171",watts,,,,,,,,,,,,,,,,,,,,,,,,,,,,,,,,,,,,,,,,,,,,,,,,,,,,,,,
Data,6,record,timestamp,"988242004",s,heart_rate,"108",bpm,cadence,"28",rpm,distance,"499.99",m,speed,"3.937",m/s,power,"171",watts,,,,,,,,,,,,,,,,,,,,,,,,,,,,,,,,,,,,,,,,,,,,,,,,,,,,,,,
Data,6,record,timestamp,"988242004",s,heart_rate,"108",bpm,cadence,"28",rpm,distance,"499.99",m,speed,"3.937",m/s,power,"171",watts,,,,,,,,,,,,,,,,,,,,,,,,,,,,,,,,,,,,,,,,,,,,,,,,,,,,,,,
Data,6,record,timestamp,"988242004",s,heart_rate,"108",bpm,cadence,"28",rpm,distance,"499.99",m,speed,"3.937",m/s,power,"171",watts,,,,,,,,,,,,,,,,,,,,,,,,,,,,,,,,,,,,,,,,,,,,,,,,,,,,,,,
Data,5,lap,timestamp,"988242065",s,start_time,"988242005",,total_elapsed_time,"60.0",s,total_timer_time,"60.0",s,total_distance,"499.99",m,total_cycles,"0",cycles,message_index,"1",,total_calories,"0",kcal,total_fat_calories,"0",kcal,avg_speed,"8.333",m/s,max_speed,"0.0",m/s,avg_power,"0",watts,max_power,"0",watts,total_ascent,"0",m,total_descent,"0",m,event,"0",,event_type,"0",,avg_heart_rate,"0",bpm,max_heart_rate,"0",bpm,avg_cadence,"0",rpm,max_cadence,"0",rpm,intensity,"1",,lap_trigger,"0",,sport,"0",,
Data,5,lap,timestamp,"988242180",s,start_time,"988242065",,total_elapsed_time,"114.7",s,total_timer_time,"114.7",s,total_distance,"499.99",m,total_cycles,"0",cycles,message_index,"2",,total_calories,"0",kcal,total_fat_calories,"0",kcal,avg_speed,"4.359",m/s,max_speed,"0.0",m/s,avg_power,"232",watts,max_power,"0",watts,total_ascent,"0",m,total_descent,"0",m,event,"0",,event_type,"0",,avg_heart_rate,"0",bpm,max_heart_rate,"0",bpm,avg_cadence,"32",rpm,max_cadence,"0",rpm,intensity,"0",,lap_trigger,"0",,sport,"0",,
Data,6,record,timestamp,"988242065",s,heart_rate,"104",bpm,cadence,"0",rpm,distance,"499.99",m,speed,"0.0",m/s,power,"0",watts,,,,,,,,,,,,,,,,,,,,,,,,,,,,,,,,,,,,,,,,,,,,,,,,,,,,,,,
Data,6,record,timestamp,"988242066",s,heart_rate,"104",bpm,cadence,"0",rpm,distance,"502.99",m,speed,"3.205",m/s,power,"92",watts,,,,,,,,,,,,,,,,,,,,,,,,,,,,,,,,,,,,,,,,,,,,,,,,,,,,,,,
Data,6,record,timestamp,"988242068",s,heart_rate,"105",bpm,cadence,"27",rpm,distance,"512.0",m,speed,"3.703",m/s,power,"142",watts,,,,,,,,,,,,,,,,,,,,,,,,,,,,,,,,,,,,,,,,,,,,,,,,,,,,,,,
Data,6,record,timestamp,"988242070",s,heart_rate,"106",bpm,cadence,"27",rpm,distance,"517.0",m,speed,"3.703",m/s,power,"142",watts,,,,,,,,,,,,,,,,,,,,,,,,,,,,,,,,,,,,,,,,,,,,,,,,,,,,,,,
Data,6,record,timestamp,"988242072",s,heart_rate,"107",bpm,cadence,"33",rpm,distance,"526.0",m,speed,"4.504",m/s,power,"256",watts,,,,,,,,,,,,,,,,,,,,,,,,,,,,,,,,,,,,,,,,,,,,,,,,,,,,,,,
Data,6,record,timestamp,"988242074",s,heart_rate,"108",bpm,cadence,"30",rpm,distance,"537.0",m,speed,"4.424",m/s,power,"243",watts,,,,,,,,,,,,,,,,,,,,,,,,,,,,,,,,,,,,,,,,,,,,,,,,,,,,,,,
Data,6,record,timestamp,"988242077",s,heart_rate,"112",bpm,cadence,"30",rpm,distance,"548.0",m,speed,"4.504",m/s,power,"256",watts,,,,,,,,,,,,,,,,,,,,,,,,,,,,,,,,,,,,,,,,,,,,,,,,,,,,,,,
Data,6,record,timestamp,"988242078",s,heart_rate,"113",bpm,cadence,"30",rpm,distance,"552.0",m,speed,"4.504",m/s,power,"256",watts,,,,,,,,,,,,,,,,,,,,,,,,,,,,,,,,,,,,,,,,,,,,,,,,,,,,,,,
Data,6,record,timestamp,"988242080",s,heart_rate,"115",bpm,cadence,"29",rpm,distance,"564.99",m,speed,"4.504",m/s,power,"256",watts,,,,,,,,,,,,,,,,,,,,,,,,,,,,,,,,,,,,,,,,,,,,,,,,,,,,,,,
Data,6,record,timestamp,"988242082",s,heart_rate,"118",bpm,cadence,"32",rpm,distance,"572.99",m,speed,"4.545",m/s,power,"263",watts,,,,,,,,,,,,,,,,,,,,,,,,,,,,,,,,,,,,,,,,,,,,,,,,,,,,,,,
Data,6,record,timestamp,"988242084",s,heart_rate,"119",bpm,cadence,"32",rpm,distance,"582.99",m,speed,"4.545",m/s,power,"263",watts,,,,,,,,,,,,,,,,,,,,,,,,,,,,,,,,,,,,,,,,,,,,,,,,,,,,,,,
Data,6,record,timestamp,"988242086",s,heart_rate,"120",bpm,cadence,"31",rpm,distance,"588.99",m,speed,"4.545",m/s,power,"263",watts,,,,,,,,,,,,,,,,,,,,,,,,,,,,,,,,,,,,,,,,,,,,,,,,,,,,,,,
Data,6,record,timestamp,"988242087",s,heart_rate,"121",bpm,cadence,"31",rpm,distance,"593.99",m,speed,"4.545",m/s,power,"263",watts,,,,,,,,,,,,,,,,,,,,,,,,,,,,,,,,,,,,,,,,,,,,,,,,,,,,,,,
Data,6,record,timestamp,"988242089",s,heart_rate,"123",bpm,cadence,"33",rpm,distance,"603.99",m,speed,"4.587",m/s,power,"270",watts,,,,,,,,,,,,,,,,,,,,,,,,,,,,,,,,,,,,,,,,,,,,,,,,,,,,,,,
Data,6,record,timestamp,"988242091",s,heart_rate,"124",bpm,cadence,"31",rpm,distance,"615.99",m,speed,"4.464",m/s,power,"249",watts,,,,,,,,,,,,,,,,,,,,,,,,,,,,,,,,,,,,,,,,,,,,,,,,,,,,,,,
Data,6,record,timestamp,"988242093",s,heart_rate,"124",bpm,cadence,"31",rpm,distance,"619.99",m,speed,"4.464",m/s,power,"249",watts,,,,,,,,,,,,,,,,,,,,,,,,,,,,,,,,,,,,,,,,,,,,,,,,,,,,,,,
Data,6,record,timestamp,"988242095",s,heart_rate,"126",bpm,cadence,"32",rpm,distance,"631.99",m,speed,"4.424",m/s,power,"243",watts,,,,,,,,,,,,,,,,,,,,,,,,,,,,,,,,,,,,,,,,,,,,,,,,,,,,,,,
Data,6,record,timestamp,"988242097",s,heart_rate,"127",bpm,cadence,"33",rpm,distance,"640.99",m,speed,"4.464",m/s,power,"249",watts,,,,,,,,,,,,,,,,,,,,,,,,,,,,,,,,,,,,,,,,,,,,,,,,,,,,,,,
Data,6,record,timestamp,"988242098",s,heart_rate,"127",bpm,cadence,"32",rpm,distance,"646.0",m,speed,"4.464",m/s,power,"249",watts,,,,,,,,,,,,,,,,,,,,,,,,,,,,,,,,,,,,,,,,,,,,,,,,,,,,,,,
Data,6,record,timestamp,"988242101",s,heart_rate,"129",bpm,cadence,"32",rpm,distance,"659.0",m,speed,"4.504",m/s,power,"256",watts,,,,,,,,,,,,,,,,,,,,,,,,,,,,,,,,,,,,,,,,,,,,,,,,,,,,,,,
Data,6,record,timestamp,"988242102",s,heart_rate,"130",bpm,cadence,"32",rpm,distance,"661.0",m,speed,"4.504",m/s,power,"256",watts,,,,,,,,,,,,,,,,,,,,,,,,,,,,,,,,,,,,,,,,,,,,,,,,,,,,,,,
Data,6,record,timestamp,"988242104",s,heart_rate,"131",bpm,cadence,"34",rpm,distance,"675.0",m,speed,"4.464",m/s,power,"249",watts,,,,,,,,,,,,,,,,,,,,,,,,,,,,,,,,,,,,,,,,,,,,,,,,,,,,,,,
Data,6,record,timestamp,"988242105",s,heart_rate,"132",bpm,cadence,"34",rpm,distance,"677.0",m,speed,"4.464",m/s,power,"249",watts,,,,,,,,,,,,,,,,,,,,,,,,,,,,,,,,,,,,,,,,,,,,,,,,,,,,,,,
Data,6,record,timestamp,"988242108",s,heart_rate,"133",bpm,cadence,"33",rpm,distance,"687.0",m,speed,"4.464",m/s,power,"249",watts,,,,,,,,,,,,,,,,,,,,,,,,,,,,,,,,,,,,,,,,,,,,,,,,,,,,,,,
Data,6,record,timestamp,"988242110",s,heart_rate,"134",bpm,cadence,"34",rpm,distance,"699.99",m,speed,"4.464",m/s,power,"249",watts,,,,,,,,,,,,,,,,,,,,,,,,,,,,,,,,,,,,,,,,,,,,,,,,,,,,,,,
Data,6,record,timestamp,"988242111",s,heart_rate,"135",bpm,cadence,"34",rpm,distance,"706.99",m,speed,"4.464",m/s,power,"249",watts,,,,,,,,,,,,,,,,,,,,,,,,,,,,,,,,,,,,,,,,,,,,,,,,,,,,,,,
Data,6,record,timestamp,"988242113",s,heart_rate,"136",bpm,cadence,"33",rpm,distance,"711.99",m,speed,"4.464",m/s,power,"249",watts,,,,,,,,,,,,,,,,,,,,,,,,,,,,,,,,,,,,,,,,,,,,,,,,,,,,,,,
Data,6,record,timestamp,"988242115",s,heart_rate,"137",bpm,cadence,"33",rpm,distance,"717.99",m,speed,"4.464",m/s,power,"249",watts,,,,,,,,,,,,,,,,,,,,,,,,,,,,,,,,,,,,,,,,,,,,,,,,,,,,,,,
Data,6,record,timestamp,"988242117",s,heart_rate,"138",bpm,cadence,"32",rpm,distance,"730.99",m,speed,"4.464",m/s,power,"249",watts,,,,,,,,,,,,,,,,,,,,,,,,,,,,,,,,,,,,,,,,,,,,,,,,,,,,,,,
Data,6,record,timestamp,"988242119",s,heart_rate,"138",bpm,cadence,"33",rpm,distance,"738.0",m,speed,"4.424",m/s,power,"243",watts,,,,,,,,,,,,,,,,,,,,,,,,,,,,,,,,,,,,,,,,,,,,,,,,,,,,,,,
Data,6,record,timestamp,"988242121",s,heart_rate,"139",bpm,cadence,"33",rpm,distance,"743.0",m,speed,"4.424",m/s,power,"243",watts,,,,,,,,,,,,,,,,,,,,,,,,,,,,,,,,,,,,,,,,,,,,,,,,,,,,,,,
Data,6,record,timestamp,"988242123",s,heart_rate,"140",bpm,cadence,"33",rpm,distance,"753.0",m,speed,"4.424",m/s,power,"243",watts,,,,,,,,,,,,,,,,,,,,,,,,,,,,,,,,,,,,,,,,,,,,,,,,,,,,,,,
Data,6,record,timestamp,"988242124",s,heart_rate,"141",bpm,cadence,"33",rpm,distance,"759.0",m,speed,"4.424",m/s,power,"243",watts,,,,,,,,,,,,,,,,,,,,,,,,,,,,,,,,,,,,,,,,,,,,,,,,,,,,,,,
Data,6,record,timestamp,"988242126",s,heart_rate,"141",bpm,cadence,"33",rpm,distance,"769.0",m,speed,"4.424",m/s,power,"243",watts,,,,,,,,,,,,,,,,,,,,,,,,,,,,,,,,,,,,,,,,,,,,,,,,,,,,,,,
Data,6,record,timestamp,"988242127",s,heart_rate,"142",bpm,cadence,"33",rpm,distance,"774.0",m,speed,"4.424",m/s,power,"243",watts,,,,,,,,,,,,,,,,,,,,,,,,,,,,,,,,,,,,,,,,,,,,,,,,,,,,,,,
Data,6,record,timestamp,"988242130",s,heart_rate,"142",bpm,cadence,"33",rpm,distance,"784.0",m,speed,"4.385",m/s,power,"236",watts,,,,,,,,,,,,,,,,,,,,,,,,,,,,,,,,,,,,,,,,,,,,,,,,,,,,,,,
Data,6,record,timestamp,"988242132",s,heart_rate,"143",bpm,cadence,"32",rpm,distance,"794.0",m,speed,"4.347",m/s,power,"230",watts,,,,,,,,,,,,,,,,,,,,,,,,,,,,,,,,,,,,,,,,,,,,,,,,,,,,,,,
Data,6,record,timestamp,"988242134",s,heart_rate,"143",bpm,cadence,"31",rpm,distance,"804.0",m,speed,"4.347",m/s,power,"230",watts,,,,,,,,,,,,,,,,,,,,,,,,,,,,,,,,,,,,,,,,,,,,,,,,,,,,,,,
Data,6,record,timestamp,"988242135",s,heart_rate,"143",bpm,cadence,"31",rpm,distance,"810.0",m,speed,"4.347",m/s,power,"230",watts,,,,,,,,,,,,,,,,,,,,,,,,,,,,,,,,,,,,,,,,,,,,,,,,,,,,,,,
Data,6,record,timestamp,"988242138",s,heart_rate,"144",bpm,cadence,"32",rpm,distance,"819.99",m,speed,"4.385",m/s,power,"236",watts,,,,,,,,,,,,,,,,,,,,,,,,,,,,,,,,,,,,,,,,,,,,,,,,,,,,,,,
Data,6,record,timestamp,"988242139",s,heart_rate,"145",bpm,cadence,"32",rpm,distance,"824.99",m,speed,"4.385",m/s,power,"236",watts,,,,,,,,,,,,,,,,,,,,,,,,,,,,,,,,,,,,,,,,,,,,,,,,,,,,,,,
Data,6,record,timestamp,"988242141",s,heart_rate,"145",bpm,cadence,"30",rpm,distance,"834.99",m,speed,"4.385",m/s,power,"236",watts,,,,,,,,,,,,,,,,,,,,,,,,,,,,,,,,,,,,,,,,,,,,,,,,,,,,,,,
Data,6,record,timestamp,"988242143",s,heart_rate,"146",bpm,cadence,"31",rpm,distance,"844.99",m,speed,"4.347",m/s,power,"230",watts,,,,,,,,,,,,,,,,,,,,,,,,,,,,,,,,,,,,,,,,,,,,,,,,,,,,,,,
Data,6,record,timestamp,"988242145",s,heart_rate,"146",bpm,cadence,"31",rpm,distance,"848.99",m,speed,"4.347",m/s,power,"230",watts,,,,,,,,,,,,,,,,,,,,,,,,,,,,,,,,,,,,,,,,,,,,,,,,,,,,,,,
Data,6,record,timestamp,"988242147",s,heart_rate,"146",bpm,cadence,"32",rpm,distance,"862.99",m,speed,"4.31",m/s,power,"224",watts,,,,,,,,,,,,,,,,,,,,,,,,,,,,,,,,,,,,,,,,,,,,,,,,,,,,,,,
Data,6,record,timestamp,"988242149",s,heart_rate,"147",bpm,cadence,"32",rpm,distance,"869.99",m,speed,"4.31",m/s,power,"224",watts,,,,,,,,,,,,,,,,,,,,,,,,,,,,,,,,,,,,,,,,,,,,,,,,,,,,,,,
Data,6,record,timestamp,"988242151",s,heart_rate,"147",bpm,cadence,"32",rpm,distance,"874.0",m,speed,"4.31",m/s,power,"224",watts,,,,,,,,,,,,,,,,,,,,,,,,,,,,,,,,,,,,,,,,,,,,,,,,,,,,,,,
Data,6,record,timestamp,"988242153",s,heart_rate,"147",bpm,cadence,"31",rpm,distance,"885.0",m,speed,"4.31",m/s,power,"224",watts,,,,,,,,,,,,,,,,,,,,,,,,,,,,,,,,,,,,,,,,,,,,,,,,,,,,,,,
Data,6,record,timestamp,"988242155",s,heart_rate,"148",bpm,cadence,"31",rpm,distance,"895.0",m,speed,"4.31",m/s,power,"224",watts,,,,,,,,,,,,,,,,,,,,,,,,,,,,,,,,,,,,,,,,,,,,,,,,,,,,,,,
Data,6,record,timestamp,"988242157",s,heart_rate,"148",bpm,cadence,"31",rpm,distance,"900.0",m,speed,"4.31",m/s,power,"224",watts,,,,,,,,,,,,,,,,,,,,,,,,,,,,,,,,,,,,,,,,,,,,,,,,,,,,,,,
Data,6,record,timestamp,"988242159",s,heart_rate,"148",bpm,cadence,"32",rpm,distance,"913.0",m,speed,"4.347",m/s,power,"230",watts,,,,,,,,,,,,,,,,,,,,,,,,,,,,,,,,,,,,,,,,,,,,,,,,,,,,,,,
Data,6,record,timestamp,"988242161",s,heart_rate,"149",bpm,cadence,"30",rpm,distance,"920.0",m,speed,"4.347",m/s,power,"230",watts,,,,,,,,,,,,,,,,,,,,,,,,,,,,,,,,,,,,,,,,,,,,,,,,,,,,,,,
Data,6,record,timestamp,"988242162",s,heart_rate,"149",bpm,cadence,"30",rpm,distance,"925.0",m,speed,"4.347",m/s,power,"230",watts,,,,,,,,,,,,,,,,,,,,,,,,,,,,,,,,,,,,,,,,,,,,,,,,,,,,,,,
Data,6,record,timestamp,"988242164",s,heart_rate,"149",bpm,cadence,"31",rpm,distance,"934.0",m,speed,"4.347",m/s,power,"230",watts,,,,,,,,,,,,,,,,,,,,,,,,,,,,,,,,,,,,,,,,,,,,,,,,,,,,,,,
Data,6,record,timestamp,"988242167",s,heart_rate,"150",bpm,cadence,"33",rpm,distance,"944.99",m,speed,"4.347",m/s,power,"230",watts,,,,,,,,,,,,,,,,,,,,,,,,,,,,,,,,,,,,,,,,,,,,,,,,,,,,,,,
Data,6,record,timestamp,"988242168",s,heart_rate,"150",bpm,cadence,"33",rpm,distance,"949.99",m,speed,"4.347",m/s,power,"230",watts,,,,,,,,,,,,,,,,,,,,,,,,,,,,,,,,,,,,,,,,,,,,,,,,,,,,,,,
Data,6,record,timestamp,"988242170",s,heart_rate,"150",bpm,cadence,"30",rpm,distance,"960.99",m,speed,"4.347",m/s,power,"230",watts,,,,,,,,,,,,,,,,,,,,,,,,,,,,,,,,,,,,,,,,,,,,,,,,,,,,,,,
Data,6,record,timestamp,"988242172",s,heart_rate,"150",bpm,cadence,"33",rpm,distance,"969.99",m,speed,"4.385",m/s,power,"236",watts,,,,,,,,,,,,,,,,,,,,,,,,,,,,,,,,,,,,,,,,,,,,,,,,,,,,,,,
Data,6,record,timestamp,"988242174",s,heart_rate,"150",bpm,cadence,"33",rpm,distance,"975.99",m,speed,"4.385",m/s,power,"236",watts,,,,,,,,,,,,,,,,,,,,,,,,,,,,,,,,,,,,,,,,,,,,,,,,,,,,,,,
Data,6,record,timestamp,"988242176",s,heart_rate,"151",bpm,cadence,"31",rpm,distance,"985.99",m,speed,"4.385",m/s,power,"236",watts,,,,,,,,,,,,,,,,,,,,,,,,,,,,,,,,,,,,,,,,,,,,,,,,,,,,,,,
Data,6,record,timestamp,"988242178",s,heart_rate,"151",bpm,cadence,"31",rpm,distance,"996.99",m,speed,"4.385",m/s,power,"236",watts,,,,,,,,,,,,,,,,,,,,,,,,,,,,,,,,,,,,,,,,,,,,,,,,,,,,,,,
Data,6,record,timestamp,"988242179",s,heart_rate,"151",bpm,cadence,"31",rpm,distance,"999.99",m,speed,"4.385",m/s,power,"236",watts,,,,,,,,,,,,,,,,,,,,,,,,,,,,,,,,,,,,,,,,,,,,,,,,,,,,,,,
Data,4,event,timestamp,"988242120",s,event,"0",,event_type,"1",,timer_trigger,"0",,event_group,"0",,,,,,,,,,,,,,,,,,,,,,,,,,,,,,,,,,,,,,,,,,,,,,,,,,,,,,,,,,,
